image_000.jpg,jumping_jacks_down,633.6815,187.1917,-464.66486,639.1167,181.74307,-443.31348,642.3748,181.90645,-443.37488,645.747,181.97142,-443.33633,628.7162,181.91821,-445.51053,625.30676,182.05731,-445.35718,621.88654,182.28494,-445.22525,650.3103,189.14934,-313.42978,617.46924,189.4954,-313.6605,640.12384,198.60533,-415.67215,627.67584,198.42145,-415.8404,677.9764,252.64946,-208.72571,588.5085,249.72061,-202.82983,703.66974,321.238,-207.40134,563.6172,315.38565,-160.58063,732.6964,379.7685,-334.53326,534.3119,375.41898,-243.70787,743.9535,391.60764,-367.2354,521.4419,390.25702,-261.4781,742.6592,393.863,-412.39807,524.4229,392.32376,-309.68585,735.3867,391.15988,-356.50592,532.9888,388.1029,-265.42313,654.53467,374.92886,-5.2376723,602.89575,372.9592,5.2106094,647.06165,480.59573,18.628426,604.203,476.1066,47.287804,641.9305,562.6669,232.387,611.00366,561.67224,256.81827,637.20905,573.7469,244.884,616.56366,573.2848,269.34637,649.8544,596.53204,110.92113,602.65656,596.95654,133.18373
image_001.jpg,jumping_jacks_down,634.9242,173.67735,-455.58994,640.68665,167.80128,-434.95724,644.06714,168.21066,-434.91702,647.56177,168.51564,-434.83606,630.3616,167.34186,-436.67096,626.95044,167.26193,-436.52646,623.532,167.26036,-436.49094,651.9073,176.48204,-303.1467,618.98474,174.49947,-308.46597,640.91174,185.40195,-405.99457,627.9182,184.50983,-407.5757,677.1076,238.16866,-201.26726,589.37427,235.42566,-206.29099,717.95764,296.10873,-231.90865,549.6727,289.798,-195.96301,767.15784,340.35532,-389.41937,504.39893,340.5397,-319.30658,784.6505,350.48376,-416.80914,487.77466,354.52994,-349.41623,785.58527,350.51007,-464.0329,487.51376,354.48468,-395.3439,777.27386,349.59427,-412.5447,496.11316,351.3109,-342.6048,656.974,360.85538,6.655772,607.19684,361.33896,-6.3993764,654.887,465.1024,17.569891,604.44855,462.9406,-0.8727377,650.29724,550.6504,215.78087,605.45435,553.5554,192.28777,646.42993,561.57874,226.36992,607.7808,565.0283,201.37698,652.77374,583.76324,90.65685,605.6218,587.0078,59.28259
image_002.jpg,jumping_jacks_down,636.0639,168.95956,-462.23575,641.59436,162.43155,-442.4524,645.0419,162.64682,-442.4729,648.62195,162.75497,-442.3719,630.97644,162.407,-443.82202,627.41833,162.44446,-443.66693,623.86816,162.58466,-443.5697,652.9919,170.21526,-312.3073,619.167,169.6424,-316.49463,642.44653,180.15762,-412.93488,629.0607,179.89638,-414.1018,679.9185,226.49594,-211.41655,588.50214,227.92068,-210.8776,731.8363,269.8293,-214.9663,532.95514,266.1359,-197.47018,786.9945,299.75845,-338.17105,475.5481,307.21127,-312.82898,804.6633,306.15613,-362.02542,456.24695,319.32236,-336.07172,808.2014,304.47406,-409.53534,454.71725,317.20834,-386.0469,800.50806,304.41876,-360.93597,463.1343,314.46396,-338.9104,657.9292,352.23486,4.95188,606.04016,353.21603,-4.7234006,666.8549,457.34415,2.2498927,596.5333,454.5395,-12.235373,659.556,549.23956,181.57513,593.87506,548.53156,152.2864,654.1323,561.69214,189.90076,597.20013,561.53735,158.63142,666.07294,582.6575,51.578056,590.3237,580.9831,13.293027
image_003.jpg,jumping_jacks_down,638.94324,167.46498,-480.0642,642.96906,160.44739,-459.27545,646.23975,160.4662,-459.3067,649.6654,160.36769,-459.19775,632.7908,160.89424,-464.10922,629.1314,161.13297,-463.9837,625.49414,161.47168,-463.88306,652.8787,166.90627,-329.8626,619.93494,168.3474,-346.00934,645.23865,177.89354,-431.08154,631.8344,178.31425,-435.46576,682.4698,219.5988,-243.82689,589.44775,224.00938,-241.81364,750.7936,235.73718,-261.91693,521.2792,242.3666,-235.95312,809.99054,253.11281,-383.508,453.89154,257.10004,-322.79565,828.05725,258.6316,-413.80017,435.75323,263.299,-328.60928,832.47266,254.7836,-457.7112,429.1535,255.93364,-380.4555,826.0336,255.36124,-407.13992,435.37115,255.39166,-348.61566,659.0095,352.25485,2.101234,605.5912,351.08768,-2.0968776,675.3065,455.839,12.806243,586.34094,446.97794,42.86348,681.6915,546.73596,189.6011,572.4286,537.2827,223.17065,677.3998,561.37994,198.49486,575.1806,552.1015,231.8387,692.6926,574.3864,53.13344,564.9656,564.79004,87.704124
image_004.jpg,jumping_jacks_down,639.9337,167.01016,-467.89722,645.2091,159.73502,-452.06467,648.45526,159.89308,-451.95752,651.83777,159.94597,-451.9772,635.4313,159.917,-453.2947,632.07465,160.02524,-453.16278,628.7323,160.26025,-453.0348,655.86804,167.22643,-315.76642,624.6968,167.16904,-322.02594,646.1843,177.40283,-414.50745,633.3932,177.31033,-416.13428,679.8151,219.21857,-193.30092,599.0992,211.25078,-194.61662,745.5807,239.13026,-157.56299,537.74304,217.95909,-151.32849,797.08386,256.98123,-300.0298,481.78726,218.19582,-287.86896,813.9402,264.10196,-320.43674,464.9729,219.38106,-314.7619,812.6909,260.56494,-372.00833,463.5299,217.07564,-359.27228,806.89355,260.14435,-323.0381,470.85724,218.69284,-311.051,654.6271,343.50867,16.906197,609.36456,339.3513,-16.674784,659.70276,446.28555,-4.8862524,605.5658,440.27222,-41.115273,659.509,538.44305,165.44427,601.17786,538.21875,109.430756,655.8425,551.9229,172.55249,602.19666,552.5979,113.558014,664.4021,566.2261,7.657655,603.4679,566.9746,-54.995567
image_005.jpg,jumping_jacks_down,644.18555,167.4702,-459.92307,648.6996,159.68875,-442.1254,651.83356,159.66394,-442.061,655.0915,159.55609,-442.00223,638.9258,160.05177,-444.096,635.55676,160.14961,-443.92694,632.1731,160.31783,-443.8861,657.9966,165.48253,-303.66013,627.0452,166.10326,-315.0774,649.6083,177.33298,-406.40714,637.28815,177.51205,-409.68085,681.2014,219.8236,-185.66211,599.50714,215.11821,-190.27621,731.1841,260.19464,-192.68344,550.4235,241.72034,-197.53543,773.18353,300.76297,-394.85428,495.03625,261.18802,-389.19604,789.342,314.16666,-432.81616,476.75388,266.98187,-432.402,784.15845,313.7721,-482.3526,477.331,267.56656,-476.3532,777.3441,311.4107,-417.9511,486.05084,267.31998,-413.38165,657.2558,338.51773,13.882467,611.86224,336.01056,-13.496938,648.04333,445.06744,-5.2525992,613.1342,441.8711,-54.102,646.64844,540.0193,150.20546,617.09283,547.8292,65.29733,644.26935,552.2667,154.72537,618.7261,561.9033,65.64761,647.28796,568.60547,-2.4516056,622.3475,578.9563,-94.67251
image_006.jpg,jumping_jacks_down,642.3575,171.69041,-475.37082,648.1587,165.42305,-457.32663,651.43945,165.71451,-457.3802,654.8373,165.91243,-457.3172,637.6514,164.94263,-458.44922,634.2164,164.75417,-458.28198,630.7889,164.64307,-458.20178,658.76746,172.0178,-324.89746,625.7009,170.06146,-326.22546,647.8087,182.50673,-423.76038,635.49963,181.60962,-424.25037,682.76276,228.20427,-208.93202,593.37683,224.02058,-195.93045,716.6609,283.33548,-178.36462,554.80597,270.47943,-145.9752,741.8402,339.88876,-318.80817,511.42267,317.82626,-269.14197,752.7255,353.88196,-354.4591,495.25757,330.195,-299.39862,745.9207,354.9905,-401.2682,498.6942,332.86237,-353.26962,739.9342,351.20123,-340.0553,508.23547,329.96088,-293.9994,658.5299,346.44003,-3.275771,609.3979,345.92618,3.3769832,646.2897,455.85062,-25.655954,613.27203,454.85202,-11.085377,636.0059,558.07526,119.27353,618.5779,559.35034,117.21501,631.4317,571.7678,122.848595,622.35876,574.4547,119.5889,639.3592,587.9994,-30.622444,615.92706,588.69507,-32.01568
image_007.jpg,jumping_jacks_down,641.1727,180.66495,-508.99948,647.6605,173.57771,-493.2707,651.0229,173.85101,-493.2785,654.4922,174.03145,-493.23206,637.18945,173.16109,-494.05377,633.7828,172.96025,-493.92584,630.3924,172.8337,-493.79562,659.489,180.05939,-364.2459,626.1825,177.99469,-361.06085,647.0307,191.63898,-457.77267,634.78455,190.68892,-456.96643,685.15845,239.7574,-243.10538,593.84985,233.10258,-222.55052,706.6632,303.2818,-183.25922,563.437,290.2072,-132.09756,712.3285,362.18466,-301.99408,545.7019,345.2963,-233.40529,717.5922,377.5752,-341.90802,538.349,360.30722,-260.5173,708.4138,378.55664,-382.1478,544.07666,363.73322,-312.9529,703.61505,372.9582,-319.40976,551.8935,358.79086,-254.96535,661.34186,355.79895,-7.333191,611.30225,354.25305,7.22375,647.6024,464.4135,-13.733309,614.72955,460.02512,21.460331,641.5134,559.0631,157.1742,618.10645,554.84607,192.55008,638.9371,571.57104,164.55574,621.86505,568.8974,200.07025,641.9415,589.71075,14.316683,615.38074,585.69806,55.226326
image_008.jpg,jumping_jacks_down,641.4798,190.55592,-594.1267,648.41724,184.10352,-579.79126,651.9238,184.48103,-579.727,655.55786,184.76237,-579.6439,637.77216,183.58153,-579.784,634.33984,183.39711,-579.65765,630.9325,183.30318,-579.5747,661.1701,191.69128,-438.08173,627.05133,189.00488,-433.0463,647.5689,201.65703,-537.1343,634.9744,200.5324,-535.9053,684.6821,251.26947,-294.74966,595.718,243.21336,-276.71515,695.61865,317.03445,-214.00307,574.06335,307.465,-180.72388,693.5681,377.60477,-336.46042,570.555,369.2332,-286.87277,698.0918,395.52664,-380.7578,566.5116,386.66605,-320.61264,688.16394,396.9203,-425.8508,573.08435,389.8379,-375.43823,683.85956,390.52655,-355.6656,579.31506,383.17886,-309.73193,658.9042,364.2253,-1.7684772,608.8567,361.46542,1.6362259,645.347,476.92963,3.2479477,610.27106,471.86734,18.412577,639.8371,562.4002,222.01326,620.431,557.839,253.90276,636.10376,574.0475,234.26903,625.15283,570.71075,267.66504,646.5248,594.6806,76.48286,616.56213,589.8955,113.673515
image_009.jpg,jumping_jacks_down,641.8972,190.8893,-595.6866,648.94995,184.7752,-580.45087,652.3894,185.21687,-580.3704,655.9628,185.55988,-580.2862,638.32574,184.05286,-581.5083,634.95154,183.78683,-581.39825,631.604,183.61476,-581.35046,661.2882,192.44691,-433.151,627.4883,189.01555,-434.0544,647.6748,201.79657,-536.7246,635.2137,200.39671,-537.2494,684.599,251.51819,-281.43112,594.8202,243.26111,-278.8618,695.2747,316.66782,-189.19785,574.56494,307.74615,-178.54755,693.7533,377.05383,-314.71988,570.9879,369.39365,-284.09488,698.3208,394.56366,-357.37857,567.42346,386.31842,-317.25974,688.85706,396.3157,-404.71307,572.7126,389.709,-374.34967,684.4708,390.05435,-334.87543,579.07587,383.28418,-307.8526,658.24963,363.14822,5.2938676,607.84845,360.71167,-5.4158397,643.4525,479.32318,9.37282,609.48267,472.79846,-1.0888512,639.64606,563.38104,237.36322,620.88025,560.96893,235.757,635.81287,574.1652,250.39188,625.60565,573.8831,249.25078,648.35767,596.6044,91.42433,617.614,592.8623,89.305786
image_010.jpg,jumping_jacks_down,642.7249,194.75923,-479.1827,648.32227,188.8963,-461.66815,651.5131,189.17891,-461.63263,654.82416,189.38336,-461.54926,638.33887,188.56215,-463.83084,635.0029,188.47484,-463.70792,631.67474,188.47966,-463.6504,659.07007,196.54028,-327.27097,627.19617,194.93506,-332.46158,648.4362,205.67305,-426.82794,636.302,204.94957,-428.5569,682.7127,258.56757,-199.63914,595.30176,251.0645,-218.47446,692.6026,322.43762,-128.21371,579.5536,317.51816,-158.34418,692.92535,381.5465,-264.139,580.05444,377.57678,-273.78912,696.65125,399.47662,-305.3617,577.07526,396.0617,-311.98972,689.6238,401.24863,-349.62323,584.9244,397.2816,-355.77573,685.1416,394.4434,-284.3429,590.19196,389.50443,-293.16833,658.36755,374.9184,3.4537983,608.569,372.4401,-3.4934025,646.996,479.8532,15.0180235,609.92426,481.01407,9.539735,641.7317,563.0557,219.28947,620.8509,561.38086,243.96864,638.61414,574.1677,230.53719,625.59467,572.1502,258.45773,644.3299,593.9156,81.339966,617.5376,593.1505,113.8887
image_011.jpg,jumping_jacks_down,644.59894,192.39465,-538.0091,650.25665,186.2332,-521.39465,653.5104,186.55345,-521.37213,656.8854,186.78851,-521.3053,639.841,185.94528,-525.1017,636.38385,185.87598,-524.9796,632.95056,185.89743,-524.8837,660.6079,194.01624,-384.69086,627.6859,192.31668,-393.49176,649.7931,203.80812,-483.90454,637.6424,203.0285,-486.79504,682.9873,255.19095,-247.40219,594.8835,248.51295,-256.6825,699.1501,318.76376,-183.35829,574.9493,311.21228,-171.36014,711.21643,379.01437,-317.68707,567.6504,374.38025,-270.25528,718.5743,394.0327,-356.5401,562.5602,390.89462,-299.2931,713.2811,396.75293,-404.09906,568.0132,394.874,-353.6515,707.6586,392.29822,-338.93887,575.38745,389.11194,-292.52557,660.00116,367.24664,1.4875847,610.3158,366.51953,-1.6281532,647.9966,474.52646,-1.2211636,614.4524,477.4806,11.461939,639.5441,563.7414,193.40681,624.2085,565.9878,211.06296,636.8959,575.3956,202.81104,629.1835,578.067,221.69464,639.4979,595.586,52.31811,619.6433,599.87134,76.21079
image_012.jpg,jumping_jacks_down,644.63245,179.40396,-450.76627,650.1584,173.91931,-431.83514,653.3511,174.33768,-431.86682,656.6778,174.67406,-431.80426,640.01135,173.31007,-434.45966,636.6124,173.18387,-434.32074,633.2061,173.1297,-434.23883,660.05615,182.15985,-305.00723,627.84296,179.8491,-307.5319,649.7561,190.96141,-401.81332,637.48755,189.93181,-402.74176,683.41895,244.09119,-198.23943,594.8379,238.59271,-192.02608,711.5518,306.42657,-190.68909,567.2132,298.50662,-138.01497,740.48065,359.04718,-352.3399,538.292,356.3465,-230.44476,751.765,372.07587,-389.862,526.4247,371.475,-250.28717,748.5666,372.7205,-434.42084,529.2874,376.01236,-303.328,741.2098,369.50845,-373.96878,538.58453,371.63397,-253.45029,661.1081,360.457,-7.6359854,611.4308,359.25107,7.6192765,651.14026,466.71527,-11.200531,612.02295,464.66116,25.95274,643.49646,558.27405,156.11229,614.2503,556.991,195.30045,639.3783,570.14465,163.10318,618.2969,569.61255,203.0989,647.6554,590.26227,16.774296,607.804,589.39667,61.893047
image_013.jpg,jumping_jacks_down,645.3504,171.91246,-480.11835,650.16626,165.48547,-461.74432,653.3023,165.6826,-461.75595,656.5416,165.79187,-461.64658,639.89734,165.28549,-464.8621,636.5186,165.25609,-464.71936,633.1447,165.30104,-464.65894,659.7376,171.80997,-327.14423,627.4122,170.83185,-338.7271,650.401,182.66629,-428.38684,638.3702,182.20757,-431.82755,683.59644,231.38156,-212.26624,594.5336,226.48463,-215.34055,721.3394,286.465,-234.64714,552.81995,274.78497,-205.78505,766.5692,327.02625,-419.85654,505.73044,320.38336,-365.3299,782.74176,337.19986,-455.33185,488.55542,332.71896,-399.85565,782.6708,336.37415,-503.9902,489.33914,333.80746,-452.34827,774.9397,334.61697,-443.20255,499.42783,331.01736,-390.8409,660.63116,347.5377,3.6113992,610.4203,347.2254,-3.41763,659.39307,454.01065,-11.899378,605.1901,452.50128,-12.732921,656.3001,550.55597,138.17653,604.56006,550.20496,133.91414,652.44604,563.2963,143.36867,606.9555,563.40375,138.08711,660.6693,580.4164,5.136184,604.5665,581.4385,-4.441981
image_014.jpg,jumping_jacks_down,645.45264,167.89299,-511.36472,649.94556,160.4127,-491.9783,653.2728,160.53839,-491.92886,656.7361,160.57222,-491.86023,639.71606,160.60835,-495.52548,636.04834,160.7008,-495.36713,632.3855,160.89793,-495.28003,659.392,167.54492,-350.5489,626.4597,167.51428,-363.16296,651.0904,178.46541,-456.50378,637.77277,178.45085,-460.31567,682.5326,220.84056,-232.19904,596.7102,222.5762,-230.89099,738.4453,257.82022,-244.3876,538.04407,253.04958,-207.95485,795.3985,285.0737,-427.53418,483.59497,291.36304,-336.84024,814.56287,292.77383,-459.5782,464.32,303.27734,-362.58673,816.16394,290.7947,-512.0127,463.64716,301.82193,-416.4265,808.5253,290.81436,-453.6266,471.52722,298.7311,-363.88812,660.9265,342.7056,2.5063002,611.85406,344.12198,-2.2814844,670.1725,447.35358,-16.345854,600.03174,446.70624,4.1953993,672.6212,546.8725,143.43427,592.5681,543.2445,167.24887,669.6634,560.74286,148.66492,596.253,557.36426,172.47469,677.2102,576.9759,-9.613086,581.80304,573.36945,20.368553
image_015.jpg,jumping_jacks_down,646.0693,166.4264,-510.00058,650.6525,158.99408,-490.5647,654.00073,159.21179,-490.52118,657.47955,159.33665,-490.45148,640.3094,158.93414,-494.47076,636.5789,158.94817,-494.32278,632.8497,159.05827,-494.23764,659.86053,166.44586,-349.23984,626.43567,165.70166,-363.7183,651.42755,177.28734,-455.2984,637.86523,176.91766,-459.55383,682.14026,220.63509,-237.64006,596.037,221.54532,-233.89153,739.3296,258.61288,-262.61807,538.1381,252.53302,-219.81276,798.83966,286.1106,-433.41486,483.5132,292.36646,-341.69095,818.95746,292.87073,-460.4549,464.08807,304.52625,-363.7968,822.155,291.66052,-511.5535,461.80457,302.57172,-415.34656,814.1686,291.97214,-459.243,469.1682,299.48584,-367.94922,660.71643,343.25897,1.4625194,611.7481,344.6023,-1.2301315,668.53564,446.30502,-6.936224,598.66895,446.34497,13.563146,670.1583,545.7927,154.99046,590.00085,542.9813,177.91364,666.92737,559.5012,160.69022,593.80273,557.4021,183.44644,674.4226,576.262,4.1673856,576.2696,572.6108,33.286217
image_016.jpg,jumping_jacks_down,645.1297,167.33711,-552.75165,649.5489,159.54025,-534.1955,652.87836,159.58455,-534.15717,656.3518,159.52345,-534.07385,639.2121,159.88893,-540.5479,635.54987,160.0729,-540.4033,631.9063,160.36975,-540.2483,659.32556,165.70686,-393.09387,626.1495,166.4675,-413.7829,651.17505,177.70259,-497.9613,637.6958,177.81781,-503.7613,684.4973,216.90457,-291.57602,593.82556,217.05328,-290.6398,754.8977,228.33975,-367.03967,526.2436,230.51874,-267.23337,809.2657,237.68985,-581.40436,464.86884,240.87952,-358.3255,828.67523,242.86002,-624.6389,446.98438,247.2874,-362.52637,828.4967,238.96817,-669.44366,442.3164,241.08124,-414.81836,822.1136,239.37862,-607.46954,448.44714,240.0695,-382.1234,659.0246,345.2596,6.2285147,605.45435,344.2653,-6.371227,684.68616,447.50903,8.614758,584.19354,445.55765,23.047691,697.2247,547.05664,158.43439,566.62524,545.02673,163.8779,694.44165,564.6075,164.33632,570.4866,564.598,169.15862,708.5465,570.3925,16.45221,547.8882,565.72375,23.512867
image_017.jpg,jumping_jacks_down,639.01056,161.70068,-458.5033,643.3987,154.15642,-440.97043,646.63885,154.07141,-440.90604,650.0293,153.88335,-440.87924,633.4359,154.8989,-442.1621,629.90137,155.23022,-442.03006,626.37994,155.6637,-441.90793,653.4972,160.70793,-316.43393,621.51294,162.6486,-316.62888,645.3491,171.79623,-410.57666,632.0373,172.48857,-410.57208,680.04407,215.90344,-229.6363,594.57965,212.5585,-194.66632,743.13727,239.8776,-272.50003,532.5475,226.82707,-160.17061,796.7007,259.61032,-450.95547,476.1936,238.34183,-273.52533,814.1832,267.03564,-487.18738,459.39948,244.39693,-290.57,814.2318,263.90393,-532.07654,456.539,241.37311,-339.8773,808.01746,263.6101,-474.38275,463.33746,240.69272,-298.88953,655.2357,340.3223,-2.6630363,607.4916,337.94678,2.8244572,663.08167,442.50714,-20.026066,600.01715,439.2523,21.752775,669.91736,535.4495,143.81647,594.5198,536.7001,178.10844,668.8087,548.25775,150.28627,597.51135,550.81476,183.53638,671.195,563.5787,-7.5993376,590.28955,565.744,29.024601
image_018.jpg,jumping_jacks_down,638.225,157.46864,-354.65665,643.431,151.03511,-335.087,646.76526,151.18283,-335.0564,650.2223,151.2407,-335.01764,633.1251,151.02194,-335.07706,629.718,151.06735,-334.89838,626.3049,151.18384,-334.89682,654.9641,158.09933,-205.58115,621.9056,157.76788,-206.9287,644.809,168.02428,-305.7317,631.74677,167.84302,-306.19583,681.8979,215.70111,-109.70155,595.041,211.20534,-111.74058,730.7012,255.1244,-115.201866,545.8621,241.79417,-116.36857,776.7401,292.5581,-298.8859,491.5641,279.48245,-286.02396,793.0631,305.3228,-332.7378,472.64124,290.99258,-325.64392,790.5911,303.86038,-380.04184,473.62656,291.35318,-370.08014,783.6307,301.1856,-321.9382,482.28265,288.98923,-311.20038,659.08765,341.78088,5.8829064,610.5101,340.00195,-5.4262776,657.027,444.62387,-6.3582797,608.6089,442.5555,-40.448475,648.38025,540.25073,153.92384,612.0991,543.27576,111.16521,643.7627,551.2101,159.59439,614.60156,555.1456,115.02133,648.8114,575.55536,14.120848,614.0183,578.2941,-36.04872
image_019.jpg,jumping_jacks_down,636.365,162.13966,-402.6434,642.855,155.63907,-384.3094,646.21796,156.0647,-384.28555,649.7016,156.39839,-384.19986,632.45166,154.78242,-384.58408,629.0833,154.45067,-384.42825,625.702,154.18312,-384.43878,654.6012,162.71162,-252.90689,621.3164,159.52306,-251.28726,642.1741,173.1629,-352.02734,629.5136,171.80746,-351.61462,679.4203,220.0462,-148.40523,591.39703,214.02507,-139.39406,715.47253,270.3707,-150.88945,555.6101,262.12436,-124.77113,743.2444,321.81586,-343.34048,516.2721,309.66968,-291.83408,755.56287,337.02902,-390.22797,500.68323,322.8625,-338.59943,746.46295,337.32526,-433.6117,506.31696,325.42712,-383.30432,740.5813,333.38962,-365.5103,515.4923,322.55972,-315.25732,656.72034,343.05228,-5.8184013,607.8631,341.80328,6.037142,644.8635,448.69064,-30.110704,610.0691,449.43115,-10.912214,636.1152,545.2343,132.67548,615.3414,550.0919,147.85371,633.25305,556.6823,138.21658,618.89294,563.4049,152.52597,631.2006,578.4325,-10.373171,612.8983,582.5745,4.4388494
image_020.jpg,jumping_jacks_down,636.8714,162.3765,-411.13846,643.02014,155.79625,-391.8576,646.2991,156.11035,-391.8385,649.7007,156.32822,-391.7542,632.7864,155.20714,-392.68958,629.4551,154.96283,-392.51953,626.1122,154.78636,-392.51398,654.58276,162.43138,-257.31207,621.79376,160.10555,-257.32703,642.80676,173.0044,-359.5086,630.31,171.9826,-359.58856,680.52985,219.94186,-148.60155,592.324,214.35187,-144.82245,716.04926,270.86746,-145.26035,555.1444,261.86615,-125.741165,743.0246,322.72974,-344.57318,516.2865,309.84216,-291.84375,754.7384,337.97647,-394.21265,501.63446,323.30945,-339.60974,746.3702,338.34186,-438.7422,507.15945,325.90787,-386.29523,740.52893,334.32074,-367.69635,516.1587,322.72104,-316.065,658.2248,342.84042,-3.521863,609.3682,341.5935,3.7113729,645.841,449.7621,-26.114166,611.63434,448.02936,-4.7371726,637.1095,545.27106,144.76263,616.61676,545.9688,173.1653,633.9926,556.72656,151.19316,620.31335,558.83417,179.7978,633.2557,579.3835,-0.76982254,614.25854,579.6328,29.450096
image_021.jpg,jumping_jacks_down,636.6297,168.58891,-441.53918,642.1777,161.9297,-424.81836,645.37225,162.05098,-424.82254,648.67786,162.09053,-424.76712,631.8653,161.94032,-425.0711,628.5094,161.9281,-424.9567,625.1741,161.98009,-424.9138,653.1886,168.17584,-293.90063,620.6223,167.72697,-291.4336,642.5265,179.23001,-390.49954,630.428,178.98227,-389.9627,681.3551,229.03732,-169.439,591.0945,224.20064,-163.28331,705.25195,286.57062,-97.336136,562.54236,279.8161,-102.832726,712.82837,343.12405,-240.67148,546.6791,332.60736,-254.00235,717.93054,359.61182,-283.83136,538.6268,347.92343,-296.04877,709.30566,360.29303,-327.0984,546.8458,350.4931,-343.3888,705.1648,354.0465,-260.07474,554.2292,344.72067,-275.82388,660.8719,344.3887,-3.659092,611.3793,342.5557,3.7091308,648.9606,450.2308,-27.376558,614.41064,449.90598,-20.3424,638.6449,548.4894,127.52946,617.983,550.4009,129.24603,635.1255,560.46814,132.56387,621.4482,563.616,133.52933,636.2974,580.42303,-23.508795,616.8369,583.6172,-20.51097
image_000.jpg,jumping_jacks_up,638.2883,170.08965,-599.57666,643.7983,162.48027,-580.46,647.23566,162.55376,-580.49805,650.79663,162.51451,-580.4142,633.53143,162.89159,-586.3374,629.96716,163.06761,-586.1661,626.43,163.3832,-586.0637,655.2756,169.26817,-433.7021,622.14014,169.9842,-460.05658,645.2148,181.11284,-543.1794,631.7017,181.21202,-550.36993,683.1091,222.4186,-311.16547,590.1304,219.2157,-346.13354,758.49335,221.59853,-308.5558,514.9624,217.7026,-340.84476,817.56415,210.53792,-442.82425,451.52124,210.75983,-456.33212,835.3722,208.98247,-481.60278,434.82117,212.03561,-484.57736,836.6934,202.58643,-526.61115,432.74518,204.15747,-532.70825,831.4647,204.2209,-468.34442,438.97598,204.3991,-481.70255,658.0626,357.44214,25.590435,603.06604,355.39157,-25.642168,690.8438,458.55252,73.10947,578.12305,456.93246,24.630123,706.11847,551.37177,267.15363,556.562,550.9722,213.08272,702.17224,569.85425,278.385,558.8084,569.1867,223.47385,726.8496,573.7452,141.39131,545.0554,574.9318,80.26013
image_001.jpg,jumping_jacks_up,640.69995,223.20563,-390.22174,646.6336,214.53246,-366.53958,650.73474,214.68167,-366.47598,654.9258,214.77617,-366.4295,634.82367,214.67871,-368.57376,630.6101,214.64992,-368.4692,626.40283,214.82434,-368.55084,660.3541,221.51212,-227.35246,621.3238,221.62329,-236.37544,648.4909,234.04514,-339.25793,633.14716,234.0399,-341.55746,681.7073,266.54214,-134.70511,598.3716,260.16272,-172.1978,727.2253,216.50684,-147.16554,553.6372,209.10204,-196.97096,674.02637,162.97488,-198.18423,611.75665,166.05121,-180.23459,660.19476,150.42744,-230.6758,628.012,155.94887,-212.31058,653.9837,149.99284,-216.93982,635.9699,157.20126,-197.8965,658.8976,156.6475,-199.07953,630.4062,162.90923,-178.07376,663.8632,408.11084,15.210829,606.14246,403.21283,-15.322999,711.03705,488.22015,16.238235,562.331,490.27997,10.550749,739.32367,555.92834,223.61205,522.6062,561.257,200.62555,735.9958,566.274,238.36871,523.9229,573.3374,213.24261,757.6023,587.5102,117.5157,496.18777,590.9928,86.11325
image_002.jpg,jumping_jacks_up,643.75824,171.60481,-580.21857,649.3863,163.69211,-561.24756,652.7932,163.87364,-561.28595,656.303,163.95033,-561.2128,638.99927,163.64774,-565.8507,635.407,163.62335,-565.68835,631.83594,163.73367,-565.6019,660.0479,170.03671,-417.35703,626.8169,169.45421,-437.41388,649.95593,182.4421,-525.1938,636.5351,182.01286,-530.6461,684.6402,221.59329,-301.41214,592.7217,215.79852,-324.52252,753.70795,220.49002,-305.91638,522.981,213.22255,-329.4826,809.89453,205.7958,-446.8167,463.83868,199.30429,-441.30792,827.2962,202.03595,-487.42374,448.08783,198.12775,-471.82056,828.41986,195.6629,-528.7642,446.29166,189.66205,-517.3644,823.76416,198.1577,-471.64642,451.5282,190.74931,-466.54364,659.1975,353.84198,20.382042,603.2423,351.2661,-20.390686,693.2433,455.4959,64.99771,573.6532,453.2009,22.731476,713.2392,543.2338,267.4394,548.1501,544.50574,210.32764,710.4652,559.255,278.70712,550.1279,560.26044,220.1132,729.7821,568.4778,134.40642,536.03143,571.3529,69.84398
image_003.jpg,jumping_jacks_up,643.60645,178.90747,-612.9633,648.9392,170.31657,-593.7191,652.44867,170.35509,-593.80255,656.0574,170.28471,-593.8238,638.2362,170.57677,-596.3602,634.48755,170.53015,-596.12933,630.7738,170.65216,-596.0424,659.82654,174.99008,-450.93646,625.8895,175.46454,-458.6372,650.12036,188.6474,-558.60974,636.6493,188.47934,-560.79297,682.77893,222.3214,-341.23734,595.2728,218.30807,-336.4725,748.03094,201.31421,-334.8175,529.37384,200.07472,-364.7566,805.95056,169.2677,-458.57013,483.67426,163.23047,-494.43475,822.2785,161.4256,-503.97784,473.30875,156.97551,-534.5632,822.77783,152.50275,-535.0074,474.8352,146.72537,-571.7769,818.4235,155.33531,-479.8067,478.1758,148.35039,-517.2383,660.05035,364.10272,0.73630404,602.7396,363.44452,-0.7698692,706.11304,460.8004,30.799124,562.3491,462.78226,23.891636,739.8042,549.22766,209.53952,529.3348,553.3907,202.04826,739.4038,565.3752,219.40582,534.0284,570.9477,210.2608,754.35126,574.76025,66.05343,501.95117,576.33453,56.68057
image_004.jpg,jumping_jacks_up,643.60645,178.90747,-612.9633,648.9392,170.31657,-593.7191,652.44867,170.35509,-593.80255,656.0574,170.28471,-593.8238,638.2362,170.57677,-596.3602,634.48755,170.53015,-596.12933,630.7738,170.65216,-596.0424,659.82654,174.99008,-450.93646,625.8895,175.46454,-458.6372,650.12036,188.6474,-558.60974,636.6493,188.47934,-560.79297,682.77893,222.3214,-341.23734,595.2728,218.30807,-336.4725,748.03094,201.31421,-334.8175,529.37384,200.07472,-364.7566,805.95056,169.2677,-458.57013,483.67426,163.23047,-494.43475,822.2785,161.4256,-503.97784,473.30875,156.97551,-534.5632,822.77783,152.50275,-535.0074,474.8352,146.72537,-571.7769,818.4235,155.33531,-479.8067,478.1758,148.35039,-517.2383,660.05035,364.10272,0.73630404,602.7396,363.44452,-0.7698692,706.11304,460.8004,30.799124,562.3491,462.78226,23.891636,739.8042,549.22766,209.53952,529.3348,553.3907,202.04826,739.4038,565.3752,219.40582,534.0284,570.9477,210.2608,754.35126,574.76025,66.05343,501.95117,576.33453,56.68057
image_005.jpg,jumping_jacks_up,638.7238,169.9982,-603.588,644.02844,162.41412,-584.41003,647.44165,162.50224,-584.4617,650.9809,162.47495,-584.38965,633.7313,162.77582,-589.91956,630.11285,162.94035,-589.74664,626.5172,163.2448,-589.6308,655.0806,169.0612,-440.03906,621.73755,169.74408,-462.35437,645.4181,181.04538,-548.1391,631.8743,181.07687,-554.2276,683.36127,222.27698,-326.38373,588.36584,219.42207,-342.00894,759.69885,221.72269,-332.55334,513.7659,219.22299,-336.67657,819.90204,210.74142,-465.2068,450.68634,210.81189,-448.31985,838.06287,208.9383,-505.10205,434.43268,211.48956,-471.51382,839.3244,202.4809,-549.40106,431.70386,202.94753,-521.03925,833.5707,204.37096,-490.513,437.86606,203.57396,-473.9369,657.32544,357.77728,15.911552,601.25604,355.59985,-16.020035,693.4586,460.77417,57.651478,576.9199,457.76193,44.609207,706.75476,553.6914,257.07852,556.7727,551.2502,237.0623,702.11664,571.8016,268.87256,560.5535,570.25366,248.18626,726.65717,577.4941,132.70055,539.6709,574.0114,109.23461
image_006.jpg,jumping_jacks_up,640.80994,179.17883,-577.0898,646.6797,170.8194,-554.9992,650.40094,171.07158,-555.0537,654.2176,171.2221,-555.055,635.5397,170.54512,-560.1146,631.5,170.33484,-559.92,627.4846,170.30086,-559.8772,657.83997,177.15189,-404.81714,621.5576,175.83156,-426.66498,647.45856,189.91452,-521.1981,632.7455,189.09453,-527.3297,680.7984,224.54343,-290.57864,590.19336,219.72461,-317.2221,749.86487,204.02365,-274.7909,519.92053,203.11317,-346.26846,809.9871,171.22751,-389.96667,467.62802,171.0769,-475.83615,827.3114,164.13664,-432.7333,454.51706,165.32469,-517.36914,828.0295,154.68915,-465.6164,456.49045,155.20828,-552.5884,823.3019,157.60597,-412.8384,460.52722,157.31195,-498.7073,658.75494,368.1342,11.659408,601.2159,365.3238,-11.745739,701.90985,463.62918,48.34356,563.7896,457.70227,17.462986,732.6467,553.5338,223.53961,536.0726,545.85205,202.97366,731.38947,571.2955,232.9499,540.8738,563.59845,212.32077,753.39484,579.34204,88.482834,510.85992,570.3041,66.29454
image_007.jpg,jumping_jacks_up,640.4932,186.61615,-539.30975,646.75726,177.32141,-516.28394,650.72534,177.65591,-516.30817,654.79956,177.9278,-516.2982,635.0121,177.13895,-520.01294,630.70386,176.98492,-519.891,626.4249,177.00758,-519.9741,658.2923,184.62097,-371.72333,620.3919,183.2759,-385.93237,647.3036,198.29645,-486.07285,631.6961,197.59639,-489.81235,676.99805,229.02802,-266.05762,591.552,227.788,-287.9665,731.2977,193.68442,-230.77362,529.0384,193.98337,-314.08823,778.9204,141.21558,-318.43683,495.65292,135.2832,-407.79086,794.1095,127.45437,-365.1936,486.18976,122.49758,-451.31604,790.2408,119.8155,-385.7697,492.23962,111.17804,-474.33017,786.29395,125.53163,-337.93948,494.42554,115.76307,-425.71243,661.5215,376.2637,9.749118,603.22577,375.3239,-9.8964205,707.82385,473.97336,58.738586,559.1639,472.88766,3.8980653,738.672,555.27167,253.72122,520.6028,560.76074,178.49501,737.7672,569.1942,263.59882,523.6997,576.6024,186.8927,753.4549,587.7201,111.21262,491.84204,589.1492,32.02359
image_008.jpg,jumping_jacks_up,638.96936,198.36841,-449.64114,645.4743,189.44179,-425.05978,649.4509,189.64458,-425.04727,653.54193,189.80139,-425.07135,633.94086,189.29381,-427.4897,629.91425,189.04976,-427.32486,625.90405,188.9658,-427.35898,658.6821,195.66522,-279.64288,621.70715,194.32776,-292.41574,646.5955,208.75221,-396.3963,631.4083,208.2177,-399.75845,677.5916,238.73325,-192.13333,596.3496,234.38245,-220.28328,729.9885,204.56418,-193.9188,530.93146,200.01234,-264.18796,740.3685,129.43613,-293.04675,537.5086,136.07222,-371.4659,746.381,107.983505,-349.7597,539.5127,119.800354,-431.83835,737.7414,102.55754,-348.54126,549.3795,113.72914,-435.85767,736.1099,110.58651,-304.81512,549.25244,119.88002,-382.3432,659.51624,386.42886,17.967497,604.52625,383.7316,-17.919516,703.62396,478.3585,73.73572,564.23596,474.61728,7.381156,736.20264,560.14813,277.86124,525.33954,561.33044,208.82089,733.3776,574.81335,289.0402,525.57935,575.8138,220.38937,763.2003,588.36664,130.07501,508.11914,590.87665,59.080208
image_009.jpg,jumping_jacks_up,638.2863,212.16977,-332.80475,644.8429,202.78027,-310.32446,649.0613,202.95143,-310.20734,653.3928,203.04973,-310.13455,632.9216,202.71323,-307.7668,628.70734,202.512,-307.6796,624.47736,202.52075,-307.6597,659.4597,208.4633,-176.183,620.37177,207.7873,-162.80478,646.46124,222.42589,-284.31857,630.5885,222.03639,-280.40424,679.95184,252.43161,-99.846924,596.97656,243.48734,-76.44847,722.51636,213.88104,-114.42837,539.4715,200.20767,-126.04849,701.2511,143.57114,-147.67702,583.0635,139.94644,-183.64418,697.24115,124.17797,-187.98674,594.9595,124.55707,-224.4815,689.04047,120.56716,-170.56949,605.0857,122.76747,-203.631,690.3321,127.90796,-148.94777,602.58636,129.41061,-181.39886,664.03,398.75256,-3.9782274,606.9734,391.83972,4.0804615,700.81635,491.8307,54.42358,561.0825,483.21683,22.676775,741.72516,554.909,327.3535,520.84924,558.0286,261.1254,742.5595,563.7108,345.97412,523.6957,569.15497,275.4263,755.2056,586.9814,197.0758,492.16373,590.36316,121.11172
image_010.jpg,jumping_jacks_up,642.6407,216.72206,-395.18146,648.11127,208.17957,-368.4578,652.3333,208.33539,-368.3811,656.66797,208.44058,-368.37006,635.60315,208.40273,-371.40332,631.0409,208.41296,-371.30063,626.46216,208.64183,-371.4286,661.3083,215.4632,-222.26341,619.8334,215.80142,-230.90675,650.33105,228.08669,-342.19418,634.0727,228.1911,-344.21585,680.6681,262.22873,-137.09212,597.6274,255.14,-156.1308,721.0294,207.94804,-129.40807,566.7085,204.70935,-157.95236,672.62866,156.16954,-144.69269,619.35626,157.33493,-130.91138,659.1028,143.72272,-169.46677,634.9987,146.65982,-158.46193,653.8555,141.99576,-158.90782,640.4754,145.46103,-143.90721,658.6529,147.55078,-145.63132,635.5022,150.5933,-128.44418,662.78687,409.75214,2.2790103,604.9448,403.25507,-2.3753884,709.5398,491.00586,13.753877,561.3191,486.08392,78.64228,738.83167,559.6954,256.65347,527.21875,560.44696,304.1704,736.0658,569.6717,274.68805,529.9908,573.9967,320.0808,753.7617,592.42865,141.39955,499.01733,591.47174,189.08293
image_011.jpg,jumping_jacks_up,642.81494,217.79872,-411.67526,648.27563,209.00285,-385.58606,652.40125,209.15982,-385.49954,656.63763,209.26187,-385.48578,636.075,209.15778,-388.32596,631.60065,209.11682,-388.24216,627.10034,209.29369,-388.35504,660.9496,215.98172,-239.64496,620.55414,216.10852,-246.99448,650.1323,229.0028,-358.58777,634.1926,228.99658,-360.2212,679.7332,261.9508,-152.35258,597.6263,254.44753,-167.2171,721.2179,208.04935,-143.76436,567.05005,205.02791,-167.54118,672.13904,155.96071,-152.23665,619.2501,157.47075,-143.26793,658.53094,143.12617,-178.05734,634.9456,146.73662,-170.50703,653.169,141.65651,-166.34377,640.2468,145.44673,-155.4736,658.125,147.30832,-152.88313,635.3696,150.56192,-140.5877,662.61993,408.27487,1.4494611,605.6321,401.76862,-1.5521445,709.5908,491.45755,8.419941,562.9819,487.09393,82.327225,737.89014,559.8966,263.02405,529.5923,559.50464,322.0556,735.08154,568.7123,282.48172,532.93353,572.20026,339.63324,751.0953,595.3855,146.93,499.67618,591.77905,207.31754
image_012.jpg,jumping_jacks_up,641.796,213.344,-315.9057,647.93994,204.42145,-289.24387,652.3199,204.61444,-289.1702,656.8169,204.76012,-289.1783,634.8708,204.52696,-290.51907,630.21857,204.49773,-290.4348,625.54346,204.67575,-290.58466,661.8793,212.06763,-148.89584,618.8184,211.93932,-149.95259,649.68317,225.12321,-266.1649,632.84796,224.99829,-266.18277,681.9888,259.80905,-106.25751,596.14655,253.49075,-79.80216,721.17926,213.07858,-193.6583,562.8362,203.09671,-89.078705,678.8214,156.52368,-281.09998,613.9208,155.17197,-78.33162,669.0905,142.4216,-318.38046,628.4504,144.26772,-106.80091,663.0118,141.1128,-307.1929,635.7461,143.65411,-94.614136,666.3733,148.06474,-284.0723,631.24677,149.04866,-77.520325,667.6251,408.5923,-9.850386,607.2306,406.24738,9.666489,716.52106,496.39294,5.382033,559.4044,493.74554,59.240993,745.93726,565.7621,233.55356,527.04517,568.12885,261.9993,742.315,576.17444,249.79013,532.38007,581.5991,275.29584,765.2306,600.5304,119.930565,492.77298,599.66693,147.42067
image_013.jpg,jumping_jacks_up,637.46533,203.57327,-475.57672,642.893,195.41429,-449.4949,646.5375,195.51944,-449.49957,650.2638,195.53836,-449.46933,632.1831,195.61404,-449.98065,628.3915,195.57205,-449.8051,624.6105,195.72984,-449.7778,654.954,201.13496,-303.04147,620.6378,201.3477,-301.42767,644.47864,213.44998,-422.18964,630.7286,213.41194,-421.76816,675.0479,245.50748,-208.30217,596.2372,237.75941,-222.39847,731.70056,213.667,-190.16298,546.9552,192.62773,-283.79327,722.1612,145.33423,-245.98093,577.5911,132.88391,-329.3263,720.3171,125.44046,-286.85004,587.1539,117.36932,-374.39682,710.9421,120.72824,-280.62717,595.87555,114.49983,-364.01245,711.73553,128.43288,-251.49771,593.7458,120.7582,-331.57928,659.56,387.41364,-0.3497789,602.996,385.94006,0.26655143,706.4727,474.70294,-4.591842,560.7551,479.5991,30.314438,746.55756,554.81256,210.97717,523.38336,560.34204,268.48727,746.89325,567.8794,224.14589,527.2057,573.052,282.9048,763.1554,581.58813,54.808296,497.94064,588.98206,119.6099
image_014.jpg,jumping_jacks_up,638.4515,191.04709,-524.4605,645.21985,182.29022,-502.82672,649.02277,182.54459,-502.87534,652.9206,182.72058,-502.84204,634.0315,182.29472,-501.98352,630.0628,182.1271,-501.84735,626.12415,182.1362,-501.94275,657.729,188.91531,-367.23328,623.14685,187.99768,-362.40997,645.6827,201.81944,-475.11673,631.37463,201.33888,-473.44238,678.62744,234.37442,-275.78387,596.2981,227.10156,-263.99573,735.25916,205.75775,-275.33163,544.22516,186.34735,-273.9583,766.271,147.70389,-378.20328,528.21844,125.97608,-335.30197,776.3092,133.33679,-426.17368,524.1156,113.62874,-375.89453,772.569,125.20228,-438.49048,531.5839,103.456085,-389.78943,769.68005,131.09749,-392.9325,533.0891,107.33252,-348.26157,662.25244,375.96216,-4.332046,605.5817,374.6736,4.3058577,703.52795,472.339,43.71323,565.32117,469.99573,41.249943,735.43524,553.7922,252.95485,529.2152,552.8995,239.48087,734.7822,566.7291,262.81268,532.1755,567.8905,250.83871,747.2302,585.9661,93.55457,504.63312,579.4939,91.476944
image_015.jpg,jumping_jacks_up,638.8452,178.92053,-620.4879,644.6583,168.42198,-598.9,648.62885,168.39926,-598.9493,652.7045,168.29796,-598.95966,632.9323,168.86316,-602.82855,628.64355,168.85367,-602.6915,624.38776,169.03874,-602.7169,656.47943,174.03087,-451.41754,618.61536,174.8577,-465.82004,646.0023,189.94173,-565.52454,630.5703,190.06041,-569.3175,678.5495,222.12439,-340.91568,589.0033,220.94568,-357.3138,741.3226,203.82271,-352.91632,525.7826,190.22716,-400.81024,792.801,168.62979,-494.01404,487.3567,131.65508,-500.62924,809.19855,158.45506,-546.39166,478.85114,117.85118,-541.01465,808.27356,151.2947,-572.12524,479.8058,106.638794,-571.1977,803.61646,155.73506,-516.0595,482.19632,110.89552,-521.3926,659.798,362.7091,7.101149,602.6382,363.61887,-7.135648,692.90857,461.93073,47.471947,574.28876,465.73578,18.637503,709.88837,549.331,245.98907,543.84247,555.7417,198.07983,706.69934,563.69055,255.92332,545.2951,570.6336,206.57544,723.77637,579.4175,91.70821,527.57654,583.33057,42.90767
image_016.jpg,jumping_jacks_up,639.15027,175.25917,-522.4508,645.2987,166.26486,-506.53427,648.64954,166.53925,-506.51614,652.1447,166.73555,-506.4383,635.2562,165.97058,-508.0747,631.6791,165.75122,-507.9768,628.13074,165.70815,-507.88025,655.8623,173.04903,-374.07315,623.75006,171.33122,-376.28726,645.0078,185.79877,-471.41403,631.66406,184.96591,-471.94794,677.04254,221.08534,-257.7716,593.75964,214.8207,-259.3894,746.39166,216.77664,-255.9249,526.975,198.88979,-258.66797,806.5062,207.43956,-430.12067,473.27936,173.74016,-382.76044,823.9838,206.67824,-475.04208,457.37442,169.93074,-419.16284,822.6722,199.0905,-516.1651,458.89136,162.23357,-457.09784,817.5028,199.87195,-454.805,464.2308,163.50519,-405.6789,654.06726,356.63055,2.1382627,605.4593,353.46362,-2.0156407,673.7389,457.97302,-40.03205,590.903,456.33237,9.415917,680.01434,550.7497,125.20821,576.98517,551.1613,179.39697,677.2667,563.946,131.96295,578.8063,566.334,186.88571,682.976,581.3357,-33.826366,569.92847,579.47675,27.070873
image_017.jpg,jumping_jacks_up,639.7572,175.19585,-538.77893,645.72015,166.30296,-522.41565,649.0351,166.60884,-522.41266,652.4885,166.83047,-522.34094,635.60376,165.9442,-524.9792,631.9611,165.7135,-524.8691,628.3518,165.65869,-524.7535,655.60046,173.21788,-387.01938,623.30676,171.36653,-393.7073,645.23676,185.87773,-486.41125,631.88696,184.97775,-488.27042,676.1288,221.14075,-269.3137,592.87524,215.62146,-274.27573,746.4934,217.0955,-264.956,526.04486,200.22826,-281.93967,807.58234,207.09402,-439.44507,473.1208,174.02432,-408.37613,825.2002,206.53004,-484.09564,457.63696,170.23189,-444.70718,823.86993,198.7029,-525.9636,458.55515,162.39792,-482.46152,818.5119,199.50798,-464.12012,463.62726,163.52623,-430.945,653.954,356.71628,2.819118,605.1565,353.8964,-2.736274,674.36145,458.99033,-29.500126,590.1087,457.2484,9.538319,680.67865,552.7254,134.06206,576.07904,552.94183,180.16095,677.77844,566.4304,140.7768,578.21484,568.63,187.55902,684.1779,582.6758,-24.809921,567.6016,580.6536,27.48285
image_018.jpg,jumping_jacks_up,637.8666,187.51955,-500.09106,643.9566,178.6173,-482.95007,647.63855,178.57152,-482.9791,651.4392,178.43713,-482.94644,633.43243,179.54153,-478.053,629.74756,179.77113,-477.9276,626.08997,180.17046,-477.99158,657.6011,184.47612,-363.26257,624.6643,186.43327,-336.9936,646.059,197.97101,-456.15112,632.4356,198.66139,-448.26147,682.76624,229.93298,-269.28436,597.93066,228.00966,-232.4637,733.3052,203.6431,-261.95163,538.14355,201.85605,-229.60895,769.6774,156.09102,-376.56824,507.87866,149.37628,-304.2518,781.9506,144.99258,-424.0196,500.04025,138.98592,-341.48297,777.76953,137.96683,-445.8159,505.4925,127.783226,-362.92853,774.206,142.58525,-394.19327,507.94836,131.43098,-320.28973,663.15314,375.11887,-12.947783,604.42267,375.04285,12.894171,716.1179,467.8226,16.899416,559.98834,471.2712,45.268234,747.1125,543.9897,229.85718,522.64484,555.6673,240.55228,745.69916,556.20984,240.93256,526.305,571.30774,251.82533,760.0657,578.9613,86.72204,494.95114,585.2923,102.69725
image_019.jpg,jumping_jacks_up,638.3299,202.96564,-467.55206,643.4951,194.03008,-448.08865,647.21204,193.91269,-448.09006,651.0237,193.73006,-448.07834,633.17523,194.82722,-446.4779,629.4182,194.9663,-446.31726,625.6815,195.26338,-446.34625,656.45105,199.22523,-326.03198,622.9621,201.07697,-313.35718,646.4347,212.21333,-422.818,632.22687,212.88974,-419.0494,677.7133,241.45477,-242.55432,598.57086,238.17883,-213.1579,731.7797,212.21565,-247.5983,531.03357,205.04286,-229.36165,743.7146,140.04251,-344.14017,543.2458,141.97005,-322.86465,749.62225,118.74049,-393.88217,547.84906,127.816635,-370.1092,742.4328,114.3598,-396.31516,557.40717,120.705154,-376.17496,740.8314,122.73168,-355.02408,557.0082,126.14405,-332.9391,659.69836,383.42975,-7.2535696,604.6603,383.6143,7.185815,703.25226,478.34,29.49923,559.66644,480.24692,48.874966,751.60065,556.3014,211.52687,517.28705,561.3467,241.02344,754.54114,567.9727,220.58707,519.2107,573.3889,252.23254,763.8337,586.8904,52.924904,495.16168,591.7637,98.80638
image_020.jpg,jumping_jacks_up,638.8052,203.05617,-450.84393,643.8219,194.21814,-430.60107,647.4951,194.05663,-430.59845,651.2641,193.83327,-430.5948,633.42505,195.12193,-428.85312,629.6442,195.28746,-428.69727,625.883,195.61151,-428.7283,656.54974,199.18266,-307.17618,622.99457,201.38982,-294.03036,646.91254,212.15744,-405.91772,632.69794,212.97414,-401.99048,677.8606,241.64983,-224.52263,599.1199,238.00674,-192.8975,731.5925,213.18451,-223.80954,533.059,205.5917,-203.40178,742.7621,141.56528,-308.35696,543.16626,142.03749,-294.62802,748.42175,120.78148,-355.014,547.0698,128.06548,-340.03577,741.30005,116.18918,-356.95044,556.51215,120.94482,-345.04132,739.6937,124.31848,-318.54855,556.36115,126.34874,-304.2001,659.1273,384.9157,-8.131672,604.419,384.06238,8.096398,703.01465,480.108,27.420887,560.5358,479.35614,52.048683,749.9946,558.2608,215.50815,519.19946,560.199,249.63425,752.46655,570.2483,225.03114,521.1222,572.6525,261.27942,763.4271,588.3843,57.763916,497.24475,589.8011,107.69588
image_021.jpg,jumping_jacks_up,640.29004,217.33182,-305.17206,645.9894,208.25848,-280.05637,650.01105,208.31013,-279.96298,654.15283,208.28078,-279.9089,634.3074,208.58606,-279.43372,630.0659,208.53868,-279.29373,625.8052,208.68999,-279.29242,659.7152,214.07704,-141.38174,621.0463,214.6494,-136.93794,648.2181,227.37195,-255.26526,632.59424,227.49797,-253.97699,678.93933,257.43146,-60.373,598.89844,249.51532,-55.491024,727.7024,220.78876,-61.970173,541.35986,204.54294,-89.96133,703.4453,156.15877,-88.695816,587.1494,150.91368,-103.45813,698.6569,138.08257,-120.065125,598.9731,137.22668,-136.07564,691.7541,134.99925,-106.2067,609.4074,136.44946,-114.86533,692.7735,142.66597,-90.2012,606.48206,142.91708,-99.51217,661.4294,399.38364,0.5394967,606.35046,394.1471,-0.55196047,704.85034,485.74963,24.429987,562.8655,483.19055,21.111164,743.39935,556.08307,256.77484,522.98914,559.338,238.95618,742.3175,567.3686,271.66855,526.5287,571.8299,251.175,765.8552,586.06067,125.947,492.0511,590.1822,101.72005
